Attack,Heat,Action,Shape,Range,Type,Damage,Status,Description
"Thermal Siphon",10,"Passive","Aura",30,"N/A",0,"AURA","Start of turn, drains heat gaining +10 Heat per enemy within 30 ft."
"Cobalt Thrust",0,"AP","Single",10,"Piercing","2d8+4","SLOWED","Speed reduced by 10 ft until end of next turn."
"Bludgeoning Strike",0,"AP","Single",5,"Bludg.","3d8+4","NONE","Heavy basic attack with closed umbrella."
"Cryogenic Drops",10,"AP","Single",60,"Ice","1d10","RESTRAINED","Frozen to the floor (DC 19 Str to break)."
"Pneumatic Flare",-15,"AP","Cone",15,"Fire","5d6","IGNITED","Purges heat. Target burns for 1d6 fire/turn."
"Thermite Grapple",-20,"AP","Single",5,"Fire","4d10","GRAPPLED","Vents core into target. Takes 2d10 fire/turn while grabbed."
"Rain Down",15,"AP","Circle",30,"Ice","3d6","VULN","Freezing rain. Vulnerability to Cold for 1 turn."
"Condensed Skating",5,"Bonus","Self",0,"N/A",0,"DASH","Leaves a 10 ft trail of slippery ice (DC 19 Dex or Prone)."
"Cobalt Ignition",-20,"Bonus","Self",0,"N/A",0,"BUFF","Umbrella deals +2d6 extra fire damage this turn."
"Abrasive Valve",-10,"Bonus","Single",5,"Fire","2d6","BLINDED","Vapor to the eyes. Blinds for 1 turn (DC 19 Con Save)."
"Boiling Geyser",-15,"Bonus","Circle",10,"Fire","2d8","OBSCURED","Vents steam. Area is heavily obscured for 1 turn."
"Overpressure Purge",-50,"Release","Line",30,"Fire","8d6","PRONE","Brutal vent. Automatically triggers Thermal Shock."
"Expansive Vacuum",-50,"Release","Circle",30,"Force","6d6","PUSHED","Thermobaric explosion. Triggers Thermal Shock."
"Entropic Umbrella",15,"React","Self",0,"N/A",0,"DEFENSE","+4 AC against 1 attack, gains +15 Heat."
"Spell Absorption",20,"React","Single",30,"N/A",0,"COUNTER","Nullifies enemy Cold/Fire spell. Gains +20 Heat."
