"Cryogenic Drops",,,,"10",,"AP",,"Single",,"12","Cold",,,"HIT +11 / 1d10",,,,"",,"RESTRAINED: Frozen to the floor (DC 19 Str to break)."
"Pneumatic Flare",,,,"-15",,"AP",,"Cone",,"3","Fire",,,"DC 19 / 5d6",,,,"",,"IGNITED: Purges heat. Target burns for 1d6 fire/turn."
"Thermite Grapple",,,,"-20",,"AP",,"Single",,"1","Fire",,,"HIT +9 / 4d10",,,,"",,"GRAPPLED: Vents core into target. Takes 2d10 fire/turn while grabbed."
"Rain Down",,,,"15",,"AP",,"Circle",,"R3","Cold",,,"DC 19 / 3d6",,,,"",,"VULNERABLE: Freezing rain. Vulnerability to Cold for 1 turn."
"Raindrop Skip",,,,"5",,"Bonus",,"Self",,"0","N/A",,,"0",,,,"",,"FLY/DASH: Steps on falling rain/steam to fly 30 ft without provoking attacks."
"Cobalt Ignition",,,,"-20",,"Bonus",,"Self",,"0","N/A",,,"0",,,,"",,"BUFF: Umbrella deals +2d6 extra fire damage this turn."
"Abrasive Valve",,,,"-10",,"Bonus",,"Single",,"1","Fire",,,"DC 19 / 2d6",,,,"",,"BLINDED: Vapor to the eyes. Blinds for 1 turn (DC 19 Con Save)."
"Boiling Geyser",,,,"-15",,"Bonus",,"Circle",,"R2","Fire",,,"DC 19 / 2d8",,,,"",,"OBSCURED: Vents steam. Area is heavily obscured for 1 turn."
"Overpressure Purge",,,,"-50",,"Release",,"Line",,"6x1","Fire",,,"DC 19 / 8d6",,,,"",,"PRONE: Brutal vent. Automatically triggers Thermal Shock."
"Expansive Vacuum",,,,"-50",,"Release",,"Circle",,"6","Force",,,"DC 19 / 6d6",,,,"",,"PUSHED: Thermobaric explosion. Triggers Thermal Shock."
"Entropic Umbrella",,,,"15",,"React",,"Self",,"0","N/A",,,"0",,,,"",,"DEFENSE: +4 AC against 1 attack, gains +15 Heat."
"Spell Absorption",,,,"20",,"React",,"Single",,"6","N/A",,,"0",,,,"",,"COUNTER: Nullifies enemy Cold/Fire spell. Gains +20 Heat."
